<?xml version="1.0" encoding="UTF-8"?><idempiere Name="ReporteFinanciero" Version="1" idempiereVersion="" DataBaseVersion="" Description="na" Author="" AuthorEmail="freddyheredia4@gmail.com" CreatedDate="2015-04-26 17:45:05.354" UpdatedDate="2015-04-26 17:56:10.597" PackOutVersion="100" UpdateDictionary="false" Client="0-SYSTEM-System" AD_Client_UU="11237b53-9592-4af1-b3c5-afd216514b5d">
    <AD_Menu type="table">
        <Parent_ID reference="id">280</Parent_ID>
        <SeqNo>0</SeqNo>
        <AD_Menu_ID>283</AD_Menu_ID>
        <AD_Client_ID>0</AD_Client_ID>
        <AD_Org_ID>0</AD_Org_ID>
        <AD_Menu_ID>283</AD_Menu_ID>
        <Name>Report Line Set</Name>
        <Description>Maintain Financial Report Line Sets</Description>
        <Action>W</Action>
        <AD_Window_ID reference="id">218</AD_Window_ID>
        <AD_Workflow_ID reference="id"/>
        <AD_Task_ID reference="id"/>
        <IsActive>true</IsActive>
        <IsSummary>N</IsSummary>
        <AD_Process_ID reference="id"/>
        <IsSOTrx>N</IsSOTrx>
        <AD_Form_ID reference="id"/>
        <IsReadOnly>N</IsReadOnly>
        <EntityType>D</EntityType>
        <IsCentrallyMaintained>Y</IsCentrallyMaintained>
        <AD_Menu_UU>17035cd9-1c07-437a-afdf-e23f79cf56dc</AD_Menu_UU>
        <AD_InfoWindow_ID reference="id"/>
        <AD_Menu_Trl type="translation">
            <Name>Línea de Informe</Name>
            <Description>Mantener líneas del informe financiero</Description>
            <AD_Language>es_EC</AD_Language>
            <IsActive>true</IsActive>
            <IsTranslated>Y</IsTranslated>
        </AD_Menu_Trl>
        <AD_Menu_Trl type="translation">
            <Name>Línea de Informe</Name>
            <Description>Mantener líneas del informe financiero</Description>
            <AD_Language>es_CO</AD_Language>
            <IsActive>true</IsActive>
            <IsTranslated>Y</IsTranslated>
        </AD_Menu_Trl>
        <AD_Menu_Trl type="translation">
            <Name>Línea de Informe</Name>
            <Description>Mantener líneas del informe financiero</Description>
            <AD_Language>es_VE</AD_Language>
            <IsActive>true</IsActive>
            <IsTranslated>Y</IsTranslated>
        </AD_Menu_Trl>
        <AD_Ref_List type="table">
            <AD_Client_ID>0</AD_Client_ID>
            <AD_Org_ID>0</AD_Org_ID>
            <Name>Tabbed Text</Name>
            <Description/>
            <AD_Reference_ID reference="id">241</AD_Reference_ID>
            <ValidFrom/>
            <ValidTo/>
            <Value>H</Value>
            <IsActive>true</IsActive>
            <EntityType>U</EntityType>
            <AD_Ref_List_UU>dc123478-1345-403b-9beb-0822d9d8dc5e</AD_Ref_List_UU>
            <AD_Ref_List_Trl type="translation">
                <Description>Texto Tabulado</Description>
                <Name>Texto Tabulado</Name>
                <AD_Language>es_EC</AD_Language>
                <IsActive>true</IsActive>
                <IsTranslated>Y</IsTranslated>
            </AD_Ref_List_Trl>
        </AD_Ref_List>
        <AD_Ref_List type="table">
            <AD_Client_ID>0</AD_Client_ID>
            <AD_Org_ID>0</AD_Org_ID>
            <Name>Customized Line</Name>
            <Description/>
            <AD_Reference_ID reference="id">241</AD_Reference_ID>
            <ValidFrom/>
            <ValidTo/>
            <Value>L</Value>
            <IsActive>true</IsActive>
            <EntityType>U</EntityType>
            <AD_Ref_List_UU>d9c02de2-5f02-4b93-8bbd-9030bf228e4e</AD_Ref_List_UU>
            <AD_Ref_List_Trl type="translation">
                <Description>Línea Personalizada</Description>
                <Name>Línea Personalizada</Name>
                <AD_Language>es_EC</AD_Language>
                <IsActive>true</IsActive>
                <IsTranslated>Y</IsTranslated>
            </AD_Ref_List_Trl>
            <AD_Ref_List_Trl type="translation">
                <Description>Línea Personalizada</Description>
                <Name>Línea Personalizada</Name>
                <AD_Language>es_CO</AD_Language>
                <IsActive>true</IsActive>
                <IsTranslated>Y</IsTranslated>
            </AD_Ref_List_Trl>
            <AD_Ref_List_Trl type="translation">
                <Description>Línea Personalizada</Description>
                <Name>Línea Personalizada</Name>
                <AD_Language>es_VE</AD_Language>
                <IsActive>true</IsActive>
                <IsTranslated>Y</IsTranslated>
            </AD_Ref_List_Trl>
        </AD_Ref_List>
        <AD_Element type="table">
            <AD_Client_ID>0</AD_Client_ID>
            <AD_Org_ID>0</AD_Org_ID>
            <IsActive>true</IsActive>
            <ColumnName>smj_HierarchyLevel</ColumnName>
            <Name>smj_HierarchyLevel</Name>
            <Description>Tab Level</Description>
            <Help/>
            <PrintName>Tab Level</PrintName>
            <PO_Description/>
            <PO_Help/>
            <PO_Name/>
            <PO_PrintName/>
            <EntityType>U</EntityType>
            <AD_Element_UU>00dd41a6-9cb0-4231-9a98-cc6aa218a191</AD_Element_UU>
            <AD_Element_Trl type="translation">
                <Help/>
                <PO_Description/>
                <PO_Help/>
                <Name>Nivel de Tabulador</Name>
                <Description>Nivel de Tabulador</Description>
                <PrintName>Nivel de Tabulador</PrintName>
                <PO_Name/>
                <PO_PrintName/>
                <AD_Language>es_EC</AD_Language>
                <IsActive>true</IsActive>
                <IsTranslated>Y</IsTranslated>
            </AD_Element_Trl>
            <AD_Element_Trl type="translation">
                <Help/>
                <PO_Description/>
                <PO_Help/>
                <Name>Nivel de Tabulador</Name>
                <Description>Nivel de Tabulador</Description>
                <PrintName>Nivel de Tabulador</PrintName>
                <PO_Name/>
                <PO_PrintName/>
                <AD_Language>es_CO</AD_Language>
                <IsActive>true</IsActive>
                <IsTranslated>Y</IsTranslated>
            </AD_Element_Trl>
            <AD_Element_Trl type="translation">
                <Help/>
                <PO_Description/>
                <PO_Help/>
                <Name>Nivel de Tabulador</Name>
                <Description>Nivel de Tabulador</Description>
                <PrintName>Nivel de Tabulador</PrintName>
                <PO_Name/>
                <PO_PrintName/>
                <AD_Language>es_VE</AD_Language>
                <IsActive>true</IsActive>
                <IsTranslated>Y</IsTranslated>
            </AD_Element_Trl>
        </AD_Element>
        <AD_Column type="table">
            <IsSyncDatabase>Y</IsSyncDatabase>
            <AD_Table_ID reference="id">448</AD_Table_ID>
            <AD_Reference_Value_ID reference="id"/>
            <AD_Client_ID>0</AD_Client_ID>
            <AD_Org_ID>0</AD_Org_ID>
            <Version>0</Version>
            <Name>smj_HierarchyLevel</Name>
            <Description>Tab Level</Description>
            <Help/>
            <AD_Val_Rule_ID reference="id"/>
            <ColumnName>smj_HierarchyLevel</ColumnName>
            <DefaultValue/>
            <FieldLength>1</FieldLength>
            <IsKey>N</IsKey>
            <IsParent>N</IsParent>
            <IsMandatory>N</IsMandatory>
            <IsTranslated>N</IsTranslated>
            <IsIdentifier>N</IsIdentifier>
            <SeqNo>0</SeqNo>
            <IsEncrypted>N</IsEncrypted>
            <AD_Reference_ID reference="id">11</AD_Reference_ID>
            <IsActive>true</IsActive>
            <VFormat/>
            <Callout/>
            <AD_Element_ID reference="uuid" reference-key="AD_Element">00dd41a6-9cb0-4231-9a98-cc6aa218a191</AD_Element_ID>
            <IsUpdateable>true</IsUpdateable>
            <AD_Process_ID reference="id"/>
            <ValueMin/>
            <ValueMax/>
            <IsSelectionColumn>N</IsSelectionColumn>
            <ReadOnlyLogic/>
            <EntityType>U</EntityType>
            <IsAlwaysUpdateable>N</IsAlwaysUpdateable>
            <ColumnSQL/>
            <MandatoryLogic/>
            <IsAutocomplete>N</IsAutocomplete>
            <IsAllowLogging>Y</IsAllowLogging>
            <FormatPattern/>
            <AD_Chart_ID reference="id"/>
            <AD_Column_UU>a89d36b1-6ba7-437c-bb57-7cd1bd2ab020</AD_Column_UU>
            <IsAllowCopy>Y</IsAllowCopy>
            <SeqNoSelection>0</SeqNoSelection>
            <IsToolbarButton>N</IsToolbarButton>
            <IsSecure>N</IsSecure>
            <FKConstraintName/>
            <FKConstraintType>N</FKConstraintType>
        </AD_Column>
        <AD_Element type="table">
            <AD_Client_ID>0</AD_Client_ID>
            <AD_Org_ID>0</AD_Org_ID>
            <IsActive>true</IsActive>
            <ColumnName>smj_ReportLine</ColumnName>
            <Name>Report Line</Name>
            <Description/>
            <Help/>
            <PrintName>Report Line</PrintName>
            <PO_Description/>
            <PO_Help/>
            <PO_Name/>
            <PO_PrintName/>
            <EntityType>U</EntityType>
            <AD_Element_UU>157ba98f-edd5-472a-ae7c-2a3c8195a509</AD_Element_UU>
            <AD_Element_Trl type="translation">
                <Help/>
                <PO_Description/>
                <PO_Help/>
                <Name>Línea de Reporte</Name>
                <Description/>
                <PrintName>Línea de Reporte</PrintName>
                <PO_Name/>
                <PO_PrintName/>
                <AD_Language>es_EC</AD_Language>
                <IsActive>true</IsActive>
                <IsTranslated>N</IsTranslated>
            </AD_Element_Trl>
            <AD_Element_Trl type="translation">
                <Help/>
                <PO_Description/>
                <PO_Help/>
                <Name>Línea de Reporte</Name>
                <Description/>
                <PrintName>Línea de Reporte</PrintName>
                <PO_Name/>
                <PO_PrintName/>
                <AD_Language>es_CO</AD_Language>
                <IsActive>true</IsActive>
                <IsTranslated>N</IsTranslated>
            </AD_Element_Trl>
            <AD_Element_Trl type="translation">
                <Help/>
                <PO_Description/>
                <PO_Help/>
                <Name>Línea de Reporte</Name>
                <Description/>
                <PrintName>Línea de Reporte</PrintName>
                <PO_Name/>
                <PO_PrintName/>
                <AD_Language>es_VE</AD_Language>
                <IsActive>true</IsActive>
                <IsTranslated>N</IsTranslated>
            </AD_Element_Trl>
        </AD_Element>
        <AD_Reference type="table">
            <AD_Client_ID>0</AD_Client_ID>
            <AD_Org_ID>0</AD_Org_ID>
            <Name>PA_Report smj_ReportLine</Name>
            <Description/>
            <Help/>
            <ValidationType>L</ValidationType>
            <IsActive>true</IsActive>
            <VFormat/>
            <EntityType>U</EntityType>
            <IsOrderByValue>N</IsOrderByValue>
            <AD_Reference_UU>f181af91-d746-4305-9481-632b6e23d16e</AD_Reference_UU>
            <AD_Reference_Trl type="translation">
                <Help/>
                <Name>PA_Report smj_ReportLine</Name>
                <Description/>
                <AD_Language>es_EC</AD_Language>
                <IsActive>true</IsActive>
                <IsTranslated>N</IsTranslated>
            </AD_Reference_Trl>
            <AD_Ref_List type="table">
                <AD_Client_ID>0</AD_Client_ID>
                <AD_Org_ID>0</AD_Org_ID>
                <Name>Underlined Descriptions</Name>
                <Description/>
                <AD_Reference_ID reference="uuid" reference-key="AD_Reference">f181af91-d746-4305-9481-632b6e23d16e</AD_Reference_ID>
                <ValidFrom/>
                <ValidTo/>
                <Value>D</Value>
                <IsActive>true</IsActive>
                <EntityType>U</EntityType>
                <AD_Ref_List_UU>46515c29-60f9-4ef6-8898-f8a585073cf2</AD_Ref_List_UU>
                <AD_Ref_List_Trl type="translation">
                    <Description>Descripción Subrayada</Description>
                    <Name>Descripción Subrayada</Name>
                    <AD_Language>es_EC</AD_Language>
                    <IsActive>true</IsActive>
                    <IsTranslated>Y</IsTranslated>
                </AD_Ref_List_Trl>
                <AD_Ref_List_Trl type="translation">
                    <Description>Descripción Subrayada</Description>
                    <Name>Descripción Subrayada</Name>
                    <AD_Language>es_CO</AD_Language>
                    <IsActive>true</IsActive>
                    <IsTranslated>Y</IsTranslated>
                </AD_Ref_List_Trl>
                <AD_Ref_List_Trl type="translation">
                    <Description>Descripción Subrayada</Description>
                    <Name>Descripción Subrayada</Name>
                    <AD_Language>es_VE</AD_Language>
                    <IsActive>true</IsActive>
                    <IsTranslated>Y</IsTranslated>
                </AD_Ref_List_Trl>
            </AD_Ref_List>
            <AD_Ref_List type="table">
                <AD_Client_ID>0</AD_Client_ID>
                <AD_Org_ID>0</AD_Org_ID>
                <Name>Line</Name>
                <Description/>
                <AD_Reference_ID reference="uuid" reference-key="AD_Reference">f181af91-d746-4305-9481-632b6e23d16e</AD_Reference_ID>
                <ValidFrom/>
                <ValidTo/>
                <Value>L</Value>
                <IsActive>true</IsActive>
                <EntityType>U</EntityType>
                <AD_Ref_List_UU>73983552-69f3-44e0-88b1-cc76ff6e3d5e</AD_Ref_List_UU>
                <AD_Ref_List_Trl type="translation">
                    <Description>Línea</Description>
                    <Name>Línea</Name>
                    <AD_Language>es_EC</AD_Language>
                    <IsActive>true</IsActive>
                    <IsTranslated>Y</IsTranslated>
                </AD_Ref_List_Trl>
                <AD_Ref_List_Trl type="translation">
                    <Description>Línea</Description>
                    <Name>Línea</Name>
                    <AD_Language>es_CO</AD_Language>
                    <IsActive>true</IsActive>
                    <IsTranslated>Y</IsTranslated>
                </AD_Ref_List_Trl>
                <AD_Ref_List_Trl type="translation">
                    <Description>Línea</Description>
                    <Name>Línea</Name>
                    <AD_Language>es_VE</AD_Language>
                    <IsActive>true</IsActive>
                    <IsTranslated>Y</IsTranslated>
                </AD_Ref_List_Trl>
            </AD_Ref_List>
            <AD_Ref_List type="table">
                <AD_Client_ID>0</AD_Client_ID>
                <AD_Org_ID>0</AD_Org_ID>
                <Name>Centered Title</Name>
                <Description/>
                <AD_Reference_ID reference="uuid" reference-key="AD_Reference">f181af91-d746-4305-9481-632b6e23d16e</AD_Reference_ID>
                <ValidFrom/>
                <ValidTo/>
                <Value>T</Value>
                <IsActive>true</IsActive>
                <EntityType>U</EntityType>
                <AD_Ref_List_UU>0f5cd0f1-08fe-4cb4-95aa-4bf2b1d8b12a</AD_Ref_List_UU>
                <AD_Ref_List_Trl type="translation">
                    <Description>Titulo Centrado</Description>
                    <Name>Titulo Centrado</Name>
                    <AD_Language>es_EC</AD_Language>
                    <IsActive>true</IsActive>
                    <IsTranslated>Y</IsTranslated>
                </AD_Ref_List_Trl>
                <AD_Ref_List_Trl type="translation">
                    <Description>Titulo Centrado</Description>
                    <Name>Titulo Centrado</Name>
                    <AD_Language>es_CO</AD_Language>
                    <IsActive>true</IsActive>
                    <IsTranslated>Y</IsTranslated>
                </AD_Ref_List_Trl>
                <AD_Ref_List_Trl type="translation">
                    <Description>Titulo Centrado</Description>
                    <Name>Titulo Centrado</Name>
                    <AD_Language>es_VE</AD_Language>
                    <IsActive>true</IsActive>
                    <IsTranslated>Y</IsTranslated>
                </AD_Ref_List_Trl>
            </AD_Ref_List>
            <AD_Ref_List type="table">
                <AD_Client_ID>0</AD_Client_ID>
                <AD_Org_ID>0</AD_Org_ID>
                <Name>Blank Line</Name>
                <Description>Blank Line</Description>
                <AD_Reference_ID reference="uuid" reference-key="AD_Reference">f181af91-d746-4305-9481-632b6e23d16e</AD_Reference_ID>
                <ValidFrom/>
                <ValidTo/>
                <Value>S</Value>
                <IsActive>true</IsActive>
                <EntityType>U</EntityType>
                <AD_Ref_List_UU>be982c3a-1dc5-415b-8be8-717c10a2f271</AD_Ref_List_UU>
                <AD_Ref_List_Trl type="translation">
                    <Description>Línea en Blanco</Description>
                    <Name>Línea en Blanco</Name>
                    <AD_Language>es_EC</AD_Language>
                    <IsActive>true</IsActive>
                    <IsTranslated>Y</IsTranslated>
                </AD_Ref_List_Trl>
                <AD_Ref_List_Trl type="translation">
                    <Description>Línea en Blanco</Description>
                    <Name>Línea en Blanco</Name>
                    <AD_Language>es_CO</AD_Language>
                    <IsActive>true</IsActive>
                    <IsTranslated>Y</IsTranslated>
                </AD_Ref_List_Trl>
                <AD_Ref_List_Trl type="translation">
                    <Description>Línea en Blanco</Description>
                    <Name>Línea en Blanco</Name>
                    <AD_Language>es_CO</AD_Language>
                    <IsActive>true</IsActive>
                    <IsTranslated>Y</IsTranslated>
                </AD_Ref_List_Trl>
            </AD_Ref_List>
            <AD_Ref_List type="table">
                <AD_Client_ID>0</AD_Client_ID>
                <AD_Org_ID>0</AD_Org_ID>
                <Name>Total Line</Name>
                <Description>Total Line</Description>
                <AD_Reference_ID reference="uuid" reference-key="AD_Reference">f181af91-d746-4305-9481-632b6e23d16e</AD_Reference_ID>
                <ValidFrom/>
                <ValidTo/>
                <Value>X</Value>
                <IsActive>true</IsActive>
                <EntityType>U</EntityType>
                <AD_Ref_List_UU>93de42ed-24db-4249-8a8c-02e18836a61c</AD_Ref_List_UU>
                <AD_Ref_List_Trl type="translation">
                    <Description>Línea de Total</Description>
                    <Name>Línea de Total</Name>
                    <AD_Language>es_EC</AD_Language>
                    <IsActive>true</IsActive>
                    <IsTranslated>Y</IsTranslated>
                </AD_Ref_List_Trl>
                <AD_Ref_List_Trl type="translation">
                    <Description>Línea de Total</Description>
                    <Name>Línea de Total</Name>
                    <AD_Language>es_CO</AD_Language>
                    <IsActive>true</IsActive>
                    <IsTranslated>Y</IsTranslated>
                </AD_Ref_List_Trl>
                <AD_Ref_List_Trl type="translation">
                    <Description>Línea de Total</Description>
                    <Name>Línea de Total</Name>
                    <AD_Language>es_VE</AD_Language>
                    <IsActive>true</IsActive>
                    <IsTranslated>Y</IsTranslated>
                </AD_Ref_List_Trl>
            </AD_Ref_List>
            <AD_Ref_List type="table">
                <AD_Client_ID>0</AD_Client_ID>
                <AD_Org_ID>0</AD_Org_ID>
                <Name>Doble Line for Total</Name>
                <Description>Doble Line for Total</Description>
                <AD_Reference_ID reference="uuid" reference-key="AD_Reference">f181af91-d746-4305-9481-632b6e23d16e</AD_Reference_ID>
                <ValidFrom/>
                <ValidTo/>
                <Value>Z</Value>
                <IsActive>true</IsActive>
                <EntityType>U</EntityType>
                <AD_Ref_List_UU>c6307e43-9f7e-4508-89ce-65614ab19ebd</AD_Ref_List_UU>
                <AD_Ref_List_Trl type="translation">
                    <Description>Línea Doble para Total</Description>
                    <Name>Línea Doble para Total</Name>
                    <AD_Language>es_EC</AD_Language>
                    <IsActive>true</IsActive>
                    <IsTranslated>Y</IsTranslated>
                </AD_Ref_List_Trl>
                <AD_Ref_List_Trl type="translation">
                    <Description>Línea Doble para Total</Description>
                    <Name>Línea Doble para Total</Name>
                    <AD_Language>es_CO</AD_Language>
                    <IsActive>true</IsActive>
                    <IsTranslated>Y</IsTranslated>
                </AD_Ref_List_Trl>
                <AD_Ref_List_Trl type="translation">
                    <Description>Línea Doble para Total</Description>
                    <Name>Línea Doble para Total</Name>
                    <AD_Language>es_VE</AD_Language>
                    <IsActive>true</IsActive>
                    <IsTranslated>Y</IsTranslated>
                </AD_Ref_List_Trl>
            </AD_Ref_List>
        </AD_Reference>
        <AD_Column type="table">
            <IsSyncDatabase>Y</IsSyncDatabase>
            <AD_Table_ID reference="id">448</AD_Table_ID>
            <AD_Reference_Value_ID reference="uuid" reference-key="AD_Reference">f181af91-d746-4305-9481-632b6e23d16e</AD_Reference_Value_ID>
            <AD_Client_ID>0</AD_Client_ID>
            <AD_Org_ID>0</AD_Org_ID>
            <Version>0</Version>
            <Name>Report Line</Name>
            <Description/>
            <Help/>
            <AD_Val_Rule_ID reference="id"/>
            <ColumnName>smj_ReportLine</ColumnName>
            <DefaultValue/>
            <FieldLength>2</FieldLength>
            <IsKey>N</IsKey>
            <IsParent>N</IsParent>
            <IsMandatory>N</IsMandatory>
            <IsTranslated>N</IsTranslated>
            <IsIdentifier>N</IsIdentifier>
            <SeqNo>0</SeqNo>
            <IsEncrypted>N</IsEncrypted>
            <AD_Reference_ID reference="id">17</AD_Reference_ID>
            <IsActive>true</IsActive>
            <VFormat/>
            <Callout/>
            <AD_Element_ID reference="uuid" reference-key="AD_Element">157ba98f-edd5-472a-ae7c-2a3c8195a509</AD_Element_ID>
            <IsUpdateable>true</IsUpdateable>
            <AD_Process_ID reference="id"/>
            <ValueMin/>
            <ValueMax/>
            <IsSelectionColumn>N</IsSelectionColumn>
            <ReadOnlyLogic/>
            <EntityType>U</EntityType>
            <IsAlwaysUpdateable>N</IsAlwaysUpdateable>
            <ColumnSQL/>
            <MandatoryLogic/>
            <IsAutocomplete>N</IsAutocomplete>
            <IsAllowLogging>Y</IsAllowLogging>
            <FormatPattern/>
            <AD_Chart_ID reference="id"/>
            <AD_Column_UU>b7aef79a-7fe5-4969-b21f-9cb941e5726a</AD_Column_UU>
            <IsAllowCopy>Y</IsAllowCopy>
            <SeqNoSelection>0</SeqNoSelection>
            <IsToolbarButton>N</IsToolbarButton>
            <IsSecure>N</IsSecure>
            <FKConstraintName/>
            <FKConstraintType>N</FKConstraintType>
        </AD_Column>
        <AD_Element type="table">
            <AD_Client_ID>0</AD_Client_ID>
            <AD_Org_ID>0</AD_Org_ID>
            <IsActive>true</IsActive>
            <ColumnName>smj_FixedPercentage</ColumnName>
            <Name>Fixed Percentage</Name>
            <Description/>
            <Help/>
            <PrintName>Fixed Percentage</PrintName>
            <PO_Description/>
            <PO_Help/>
            <PO_Name/>
            <PO_PrintName/>
            <EntityType>U</EntityType>
            <AD_Element_UU>233ba2d6-0326-4783-b007-cdbb69225095</AD_Element_UU>
            <AD_Element_Trl type="translation">
                <Help/>
                <PO_Description/>
                <PO_Help/>
                <Name>Porcentaje Fijo</Name>
                <Description/>
                <PrintName>Porcentaje Fijo</PrintName>
                <PO_Name/>
                <PO_PrintName/>
                <AD_Language>es_EC</AD_Language>
                <IsActive>true</IsActive>
                <IsTranslated>Y</IsTranslated>
            </AD_Element_Trl>
            <AD_Element_Trl type="translation">
                <Help/>
                <PO_Description/>
                <PO_Help/>
                <Name>Porcentaje Fijo</Name>
                <Description/>
                <PrintName>Porcentaje Fijo</PrintName>
                <PO_Name/>
                <PO_PrintName/>
                <AD_Language>es_CO</AD_Language>
                <IsActive>true</IsActive>
                <IsTranslated>Y</IsTranslated>
            </AD_Element_Trl>
            <AD_Element_Trl type="translation">
                <Help/>
                <PO_Description/>
                <PO_Help/>
                <Name>Porcentaje Fijo</Name>
                <Description/>
                <PrintName>Porcentaje Fijo</PrintName>
                <PO_Name/>
                <PO_PrintName/>
                <AD_Language>es_VE</AD_Language>
                <IsActive>true</IsActive>
                <IsTranslated>Y</IsTranslated>
            </AD_Element_Trl>
        </AD_Element>
        <AD_Column type="table">
            <IsSyncDatabase>Y</IsSyncDatabase>
            <AD_Table_ID reference="id">448</AD_Table_ID>
            <AD_Reference_Value_ID reference="id"/>
            <AD_Client_ID>0</AD_Client_ID>
            <AD_Org_ID>0</AD_Org_ID>
            <Version>0</Version>
            <Name>Fixed Percentage</Name>
            <Description/>
            <Help/>
            <AD_Val_Rule_ID reference="id"/>
            <ColumnName>smj_FixedPercentage</ColumnName>
            <DefaultValue>0</DefaultValue>
            <FieldLength>2</FieldLength>
            <IsKey>N</IsKey>
            <IsParent>N</IsParent>
            <IsMandatory>N</IsMandatory>
            <IsTranslated>N</IsTranslated>
            <IsIdentifier>N</IsIdentifier>
            <SeqNo>0</SeqNo>
            <IsEncrypted>N</IsEncrypted>
            <AD_Reference_ID reference="id">11</AD_Reference_ID>
            <IsActive>true</IsActive>
            <VFormat/>
            <Callout/>
            <AD_Element_ID reference="uuid" reference-key="AD_Element">233ba2d6-0326-4783-b007-cdbb69225095</AD_Element_ID>
            <IsUpdateable>true</IsUpdateable>
            <AD_Process_ID reference="id"/>
            <ValueMin/>
            <ValueMax/>
            <IsSelectionColumn>N</IsSelectionColumn>
            <ReadOnlyLogic/>
            <EntityType>U</EntityType>
            <IsAlwaysUpdateable>N</IsAlwaysUpdateable>
            <ColumnSQL/>
            <MandatoryLogic/>
            <IsAutocomplete>N</IsAutocomplete>
            <IsAllowLogging>Y</IsAllowLogging>
            <FormatPattern/>
            <AD_Chart_ID reference="id"/>
            <AD_Column_UU>21d2c3aa-8dad-40f1-a1c9-0a6237884671</AD_Column_UU>
            <IsAllowCopy>Y</IsAllowCopy>
            <SeqNoSelection>0</SeqNoSelection>
            <IsToolbarButton>N</IsToolbarButton>
            <IsSecure>N</IsSecure>
            <FKConstraintName/>
            <FKConstraintType>N</FKConstraintType>
        </AD_Column>
        <AD_Field type="table">
            <AD_Client_ID>0</AD_Client_ID>
            <AD_Org_ID>0</AD_Org_ID>
            <Name>smj_HierarchyLevel</Name>
            <Description>Tab Level</Description>
            <Help/>
            <AD_Tab_ID reference="id">376</AD_Tab_ID>
            <AD_Column_ID reference="uuid" reference-key="AD_Column">a89d36b1-6ba7-437c-bb57-7cd1bd2ab020</AD_Column_ID>
            <IsDisplayed>true</IsDisplayed>
            <DisplayLogic>@LineType@=H</DisplayLogic>
            <DisplayLength>1</DisplayLength>
            <SeqNo>190</SeqNo>
            <SortNo/>
            <IsSameLine>N</IsSameLine>
            <IsHeading>N</IsHeading>
            <IsFieldOnly>N</IsFieldOnly>
            <IsEncrypted>N</IsEncrypted>
            <IsActive>true</IsActive>
            <IsReadOnly>N</IsReadOnly>
            <IsCentrallyMaintained>Y</IsCentrallyMaintained>
            <AD_FieldGroup_ID reference="id"/>
            <EntityType>U</EntityType>
            <ObscureType/>
            <AD_Reference_ID reference="id"/>
            <IsMandatory/>
            <DefaultValue/>
            <AD_Reference_Value_ID reference="id"/>
            <AD_Val_Rule_ID reference="id"/>
            <Included_Tab_ID reference="id"/>
            <AD_Field_UU>398a73fa-5d43-465b-94e3-0a0561f5e136</AD_Field_UU>
            <IsAllowCopy/>
            <IsDisplayedGrid>Y</IsDisplayedGrid>
            <SeqNoGrid>205</SeqNoGrid>
            <XPosition>1</XPosition>
            <ColumnSpan>2</ColumnSpan>
            <NumLines>1</NumLines>
            <IsQuickEntry>N</IsQuickEntry>
            <IsUpdateable/>
            <IsAlwaysUpdateable/>
            <MandatoryLogic/>
            <ReadOnlyLogic/>
            <IsToolbarButton/>
            <IsDefaultFocus>N</IsDefaultFocus>
            <IsAdvancedField>N</IsAdvancedField>
            <AD_Field_Trl type="translation">
                <Help/>
                <Description>Nivel de Tabulador</Description>
                <Name>Nivel de Tabulador</Name>
                <AD_Language>es_EC</AD_Language>
                <IsActive>true</IsActive>
                <IsTranslated>Y</IsTranslated>
            </AD_Field_Trl>
        </AD_Field>
        <AD_Field type="table">
            <AD_Client_ID>0</AD_Client_ID>
            <AD_Org_ID>0</AD_Org_ID>
            <Name>Report Line</Name>
            <Description/>
            <Help/>
            <AD_Tab_ID reference="id">376</AD_Tab_ID>
            <AD_Column_ID reference="uuid" reference-key="AD_Column">b7aef79a-7fe5-4969-b21f-9cb941e5726a</AD_Column_ID>
            <IsDisplayed>true</IsDisplayed>
            <DisplayLogic>@LineType@=L</DisplayLogic>
            <DisplayLength>2</DisplayLength>
            <SeqNo>200</SeqNo>
            <SortNo/>
            <IsSameLine>N</IsSameLine>
            <IsHeading>N</IsHeading>
            <IsFieldOnly>N</IsFieldOnly>
            <IsEncrypted>N</IsEncrypted>
            <IsActive>true</IsActive>
            <IsReadOnly>N</IsReadOnly>
            <IsCentrallyMaintained>Y</IsCentrallyMaintained>
            <AD_FieldGroup_ID reference="id"/>
            <EntityType>U</EntityType>
            <ObscureType/>
            <AD_Reference_ID reference="id"/>
            <IsMandatory/>
            <DefaultValue/>
            <AD_Reference_Value_ID reference="id"/>
            <AD_Val_Rule_ID reference="id"/>
            <Included_Tab_ID reference="id"/>
            <AD_Field_UU>10cfe6d2-df10-40f9-9c47-80909e364755</AD_Field_UU>
            <IsAllowCopy/>
            <IsDisplayedGrid>Y</IsDisplayedGrid>
            <SeqNoGrid>215</SeqNoGrid>
            <XPosition>1</XPosition>
            <ColumnSpan>2</ColumnSpan>
            <NumLines>1</NumLines>
            <IsQuickEntry>N</IsQuickEntry>
            <IsUpdateable/>
            <IsAlwaysUpdateable/>
            <MandatoryLogic/>
            <ReadOnlyLogic/>
            <IsToolbarButton/>
            <IsDefaultFocus>N</IsDefaultFocus>
            <IsAdvancedField>N</IsAdvancedField>
            <AD_Field_Trl type="translation">
                <Help/>
                <Description/>
                <Name>Línea de Reporte</Name>
                <AD_Language>es_EC</AD_Language>
                <IsActive>true</IsActive>
                <IsTranslated>N</IsTranslated>
            </AD_Field_Trl>
        </AD_Field>
        <AD_Field type="table">
            <AD_Client_ID>0</AD_Client_ID>
            <AD_Org_ID>0</AD_Org_ID>
            <Name>Fixed Percentage</Name>
            <Description/>
            <Help/>
            <AD_Tab_ID reference="id">376</AD_Tab_ID>
            <AD_Column_ID reference="uuid" reference-key="AD_Column">21d2c3aa-8dad-40f1-a1c9-0a6237884671</AD_Column_ID>
            <IsDisplayed>true</IsDisplayed>
            <DisplayLogic>@CalculationType@=P</DisplayLogic>
            <DisplayLength>2</DisplayLength>
            <SeqNo>210</SeqNo>
            <SortNo/>
            <IsSameLine>N</IsSameLine>
            <IsHeading>N</IsHeading>
            <IsFieldOnly>N</IsFieldOnly>
            <IsEncrypted>N</IsEncrypted>
            <IsActive>true</IsActive>
            <IsReadOnly>N</IsReadOnly>
            <IsCentrallyMaintained>Y</IsCentrallyMaintained>
            <AD_FieldGroup_ID reference="id"/>
            <EntityType>U</EntityType>
            <ObscureType/>
            <AD_Reference_ID reference="id"/>
            <IsMandatory/>
            <DefaultValue/>
            <AD_Reference_Value_ID reference="id"/>
            <AD_Val_Rule_ID reference="id"/>
            <Included_Tab_ID reference="id"/>
            <AD_Field_UU>a4eef7ee-9e26-47e2-8e8e-cc21ef6f9f72</AD_Field_UU>
            <IsAllowCopy/>
            <IsDisplayedGrid>Y</IsDisplayedGrid>
            <SeqNoGrid>225</SeqNoGrid>
            <XPosition>1</XPosition>
            <ColumnSpan>2</ColumnSpan>
            <NumLines>1</NumLines>
            <IsQuickEntry>N</IsQuickEntry>
            <IsUpdateable/>
            <IsAlwaysUpdateable/>
            <MandatoryLogic/>
            <ReadOnlyLogic/>
            <IsToolbarButton/>
            <IsDefaultFocus>N</IsDefaultFocus>
            <IsAdvancedField>N</IsAdvancedField>
            <AD_Field_Trl type="translation">
                <Help/>
                <Description/>
                <Name>Porcentaje Fijo</Name>
                <AD_Language>es_EC</AD_Language>
                <IsActive>true</IsActive>
                <IsTranslated>Y</IsTranslated>
            </AD_Field_Trl>
        </AD_Field>
    </AD_Menu>
    <AD_Menu type="table">
        <Parent_ID reference="id">280</Parent_ID>
        <SeqNo>5</SeqNo>
        <AD_Menu_ID>281</AD_Menu_ID>
        <AD_Client_ID>0</AD_Client_ID>
        <AD_Org_ID>0</AD_Org_ID>
        <AD_Menu_ID>281</AD_Menu_ID>
        <Name>Financial Report</Name>
        <Description>Maintain Financial Reports</Description>
        <Action>W</Action>
        <AD_Window_ID reference="id">216</AD_Window_ID>
        <AD_Workflow_ID reference="id"/>
        <AD_Task_ID reference="id"/>
        <IsActive>true</IsActive>
        <IsSummary>N</IsSummary>
        <AD_Process_ID reference="id"/>
        <IsSOTrx>N</IsSOTrx>
        <AD_Form_ID reference="id"/>
        <IsReadOnly>N</IsReadOnly>
        <EntityType>D</EntityType>
        <IsCentrallyMaintained>Y</IsCentrallyMaintained>
        <AD_Menu_UU>53dd2b58-9873-4b0e-97e2-a83fec1f3f72</AD_Menu_UU>
        <AD_InfoWindow_ID reference="id"/>
        <AD_Menu_Trl type="translation">
            <Name>Informe Financiero</Name>
            <Description>Mantener Informes financieros</Description>
            <AD_Language>es_EC</AD_Language>
            <IsActive>true</IsActive>
            <IsTranslated>Y</IsTranslated>
        </AD_Menu_Trl>
        <AD_Element type="table">
            <AD_Client_ID>0</AD_Client_ID>
            <AD_Org_ID>0</AD_Org_ID>
            <IsActive>true</IsActive>
            <ColumnName>smj_prePeriodName</ColumnName>
            <Name>smj_prePeriodName</Name>
            <Description>Prefix Text for Period</Description>
            <Help/>
            <PrintName>Prefix Text for Period</PrintName>
            <PO_Description/>
            <PO_Help/>
            <PO_Name/>
            <PO_PrintName/>
            <EntityType>U</EntityType>
            <AD_Element_UU>0f8d09f1-c1e8-494a-a469-6264bfd8151f</AD_Element_UU>
            <AD_Element_Trl type="translation">
                <Help/>
                <PO_Description/>
                <PO_Help/>
                <Name>Texto de Prefijo para Periodo</Name>
                <Description/>
                <PrintName>Texto de Prefijo para Periodo</PrintName>
                <PO_Name/>
                <PO_PrintName/>
                <AD_Language>es_EC</AD_Language>
                <IsActive>true</IsActive>
                <IsTranslated>Y</IsTranslated>
            </AD_Element_Trl>
            <AD_Element_Trl type="translation">
                <Help/>
                <PO_Description/>
                <PO_Help/>
                <Name>Texto de Prefijo para Periodo</Name>
                <Description/>
                <PrintName>Texto de Prefijo para Periodo</PrintName>
                <PO_Name/>
                <PO_PrintName/>
                <AD_Language>es_CO</AD_Language>
                <IsActive>true</IsActive>
                <IsTranslated>Y</IsTranslated>
            </AD_Element_Trl>
            <AD_Element_Trl type="translation">
                <Help/>
                <PO_Description/>
                <PO_Help/>
                <Name>Texto de Prefijo para Periodo</Name>
                <Description/>
                <PrintName>Texto de Prefijo para Periodo</PrintName>
                <PO_Name/>
                <PO_PrintName/>
                <AD_Language>es_CO</AD_Language>
                <IsActive>true</IsActive>
                <IsTranslated>Y</IsTranslated>
            </AD_Element_Trl>
        </AD_Element>
        <AD_Column type="table">
            <IsSyncDatabase>Y</IsSyncDatabase>
            <AD_Table_ID reference="id">445</AD_Table_ID>
            <AD_Reference_Value_ID reference="id"/>
            <AD_Client_ID>0</AD_Client_ID>
            <AD_Org_ID>0</AD_Org_ID>
            <Version>0</Version>
            <Name>smj_prePeriodName</Name>
            <Description>Prefix Text for Period</Description>
            <Help/>
            <AD_Val_Rule_ID reference="id"/>
            <ColumnName>smj_prePeriodName</ColumnName>
            <DefaultValue/>
            <FieldLength>20</FieldLength>
            <IsKey>N</IsKey>
            <IsParent>N</IsParent>
            <IsMandatory>N</IsMandatory>
            <IsTranslated>N</IsTranslated>
            <IsIdentifier>N</IsIdentifier>
            <SeqNo>0</SeqNo>
            <IsEncrypted>N</IsEncrypted>
            <AD_Reference_ID reference="id">10</AD_Reference_ID>
            <IsActive>true</IsActive>
            <VFormat/>
            <Callout/>
            <AD_Element_ID reference="uuid" reference-key="AD_Element">0f8d09f1-c1e8-494a-a469-6264bfd8151f</AD_Element_ID>
            <IsUpdateable>true</IsUpdateable>
            <AD_Process_ID reference="id"/>
            <ValueMin/>
            <ValueMax/>
            <IsSelectionColumn>Y</IsSelectionColumn>
            <ReadOnlyLogic/>
            <EntityType>U</EntityType>
            <IsAlwaysUpdateable>N</IsAlwaysUpdateable>
            <ColumnSQL/>
            <MandatoryLogic/>
            <IsAutocomplete>N</IsAutocomplete>
            <IsAllowLogging>Y</IsAllowLogging>
            <FormatPattern/>
            <AD_Chart_ID reference="id"/>
            <AD_Column_UU>f804860e-f68f-41d4-bf4a-7f9a60c640b6</AD_Column_UU>
            <IsAllowCopy>Y</IsAllowCopy>
            <SeqNoSelection>0</SeqNoSelection>
            <IsToolbarButton>N</IsToolbarButton>
            <IsSecure>N</IsSecure>
            <FKConstraintName/>
            <FKConstraintType>N</FKConstraintType>
        </AD_Column>
        <AD_Element type="table">
            <AD_Client_ID>0</AD_Client_ID>
            <AD_Org_ID>0</AD_Org_ID>
            <IsActive>true</IsActive>
            <ColumnName>smj_posPeriodName</ColumnName>
            <Name>smj_posPeriodName</Name>
            <Description>Suffix Text for Period</Description>
            <Help/>
            <PrintName>Suffix Text for Period</PrintName>
            <PO_Description/>
            <PO_Help/>
            <PO_Name/>
            <PO_PrintName/>
            <EntityType>U</EntityType>
            <AD_Element_UU>2425bd6e-a15c-43f7-aaa7-014b9ef8cb67</AD_Element_UU>
            <AD_Element_Trl type="translation">
                <Help/>
                <PO_Description/>
                <PO_Help/>
                <Name>Texto de Sufijo para Periodo</Name>
                <Description>Texto de Sufijo para Periodo</Description>
                <PrintName>Texto de Sufijo para Periodo</PrintName>
                <PO_Name/>
                <PO_PrintName/>
                <AD_Language>es_EC</AD_Language>
                <IsActive>true</IsActive>
                <IsTranslated>Y</IsTranslated>
            </AD_Element_Trl>
            <AD_Element_Trl type="translation">
                <Help/>
                <PO_Description/>
                <PO_Help/>
                <Name>Texto de Sufijo para Periodo</Name>
                <Description>Texto de Sufijo para Periodo</Description>
                <PrintName>Texto de Sufijo para Periodo</PrintName>
                <PO_Name/>
                <PO_PrintName/>
                <AD_Language>es_CO</AD_Language>
                <IsActive>true</IsActive>
                <IsTranslated>Y</IsTranslated>
            </AD_Element_Trl>
            <AD_Element_Trl type="translation">
                <Help/>
                <PO_Description/>
                <PO_Help/>
                <Name>Texto de Sufijo para Periodo</Name>
                <Description>Texto de Sufijo para Periodo</Description>
                <PrintName>Texto de Sufijo para Periodo</PrintName>
                <PO_Name/>
                <PO_PrintName/>
                <AD_Language>es_VE</AD_Language>
                <IsActive>true</IsActive>
                <IsTranslated>Y</IsTranslated>
            </AD_Element_Trl>
        </AD_Element>
        <AD_Column type="table">
            <IsSyncDatabase>Y</IsSyncDatabase>
            <AD_Table_ID reference="id">445</AD_Table_ID>
            <AD_Reference_Value_ID reference="id"/>
            <AD_Client_ID>0</AD_Client_ID>
            <AD_Org_ID>0</AD_Org_ID>
            <Version>0</Version>
            <Name>smj_posPeriodName</Name>
            <Description>Suffix Text for Period</Description>
            <Help/>
            <AD_Val_Rule_ID reference="id"/>
            <ColumnName>smj_posPeriodName</ColumnName>
            <DefaultValue/>
            <FieldLength>20</FieldLength>
            <IsKey>N</IsKey>
            <IsParent>N</IsParent>
            <IsMandatory>N</IsMandatory>
            <IsTranslated>N</IsTranslated>
            <IsIdentifier>N</IsIdentifier>
            <SeqNo>0</SeqNo>
            <IsEncrypted>N</IsEncrypted>
            <AD_Reference_ID reference="id">10</AD_Reference_ID>
            <IsActive>true</IsActive>
            <VFormat/>
            <Callout/>
            <AD_Element_ID reference="uuid" reference-key="AD_Element">2425bd6e-a15c-43f7-aaa7-014b9ef8cb67</AD_Element_ID>
            <IsUpdateable>true</IsUpdateable>
            <AD_Process_ID reference="id"/>
            <ValueMin/>
            <ValueMax/>
            <IsSelectionColumn>Y</IsSelectionColumn>
            <ReadOnlyLogic/>
            <EntityType>U</EntityType>
            <IsAlwaysUpdateable>N</IsAlwaysUpdateable>
            <ColumnSQL/>
            <MandatoryLogic/>
            <IsAutocomplete>N</IsAutocomplete>
            <IsAllowLogging>Y</IsAllowLogging>
            <FormatPattern/>
            <AD_Chart_ID reference="id"/>
            <AD_Column_UU>11479910-e66a-4807-8722-55c7c73c3cf6</AD_Column_UU>
            <IsAllowCopy>Y</IsAllowCopy>
            <SeqNoSelection>0</SeqNoSelection>
            <IsToolbarButton>N</IsToolbarButton>
            <IsSecure>N</IsSecure>
            <FKConstraintName/>
            <FKConstraintType>N</FKConstraintType>
        </AD_Column>
        <AD_Field type="table">
            <AD_Client_ID>0</AD_Client_ID>
            <AD_Org_ID>0</AD_Org_ID>
            <Name>smj_prePeriodName</Name>
            <Description>Prefix Text for Period</Description>
            <Help/>
            <AD_Tab_ID reference="id">372</AD_Tab_ID>
            <AD_Column_ID reference="uuid" reference-key="AD_Column">f804860e-f68f-41d4-bf4a-7f9a60c640b6</AD_Column_ID>
            <IsDisplayed>true</IsDisplayed>
            <DisplayLogic/>
            <DisplayLength>0</DisplayLength>
            <SeqNo>130</SeqNo>
            <SortNo>0</SortNo>
            <IsSameLine>N</IsSameLine>
            <IsHeading>N</IsHeading>
            <IsFieldOnly>N</IsFieldOnly>
            <IsEncrypted>N</IsEncrypted>
            <IsActive>true</IsActive>
            <IsReadOnly>N</IsReadOnly>
            <IsCentrallyMaintained>Y</IsCentrallyMaintained>
            <AD_FieldGroup_ID reference="id"/>
            <EntityType>U</EntityType>
            <ObscureType/>
            <AD_Reference_ID reference="id"/>
            <IsMandatory/>
            <DefaultValue/>
            <AD_Reference_Value_ID reference="id"/>
            <AD_Val_Rule_ID reference="id"/>
            <Included_Tab_ID reference="id"/>
            <AD_Field_UU>3225f0ca-cd19-4a32-8f24-97184a7855a3</AD_Field_UU>
            <IsAllowCopy/>
            <IsDisplayedGrid>Y</IsDisplayedGrid>
            <SeqNoGrid>170</SeqNoGrid>
            <XPosition>1</XPosition>
            <ColumnSpan>2</ColumnSpan>
            <NumLines>1</NumLines>
            <IsQuickEntry>N</IsQuickEntry>
            <IsUpdateable/>
            <IsAlwaysUpdateable/>
            <MandatoryLogic/>
            <ReadOnlyLogic/>
            <IsToolbarButton/>
            <IsDefaultFocus>N</IsDefaultFocus>
            <IsAdvancedField>N</IsAdvancedField>
            <AD_Field_Trl type="translation">
                <Help/>
                <Description/>
                <Name>Texto de Prefijo para Periodo</Name>
                <AD_Language>es_EC</AD_Language>
                <IsActive>true</IsActive>
                <IsTranslated>Y</IsTranslated>
            </AD_Field_Trl>
        </AD_Field>
        <AD_Field type="table">
            <AD_Client_ID>0</AD_Client_ID>
            <AD_Org_ID>0</AD_Org_ID>
            <Name>smj_posPeriodName</Name>
            <Description>Suffix Text for Period</Description>
            <Help/>
            <AD_Tab_ID reference="id">372</AD_Tab_ID>
            <AD_Column_ID reference="uuid" reference-key="AD_Column">11479910-e66a-4807-8722-55c7c73c3cf6</AD_Column_ID>
            <IsDisplayed>true</IsDisplayed>
            <DisplayLogic/>
            <DisplayLength>0</DisplayLength>
            <SeqNo>140</SeqNo>
            <SortNo>0</SortNo>
            <IsSameLine>N</IsSameLine>
            <IsHeading>N</IsHeading>
            <IsFieldOnly>N</IsFieldOnly>
            <IsEncrypted>N</IsEncrypted>
            <IsActive>true</IsActive>
            <IsReadOnly>N</IsReadOnly>
            <IsCentrallyMaintained>Y</IsCentrallyMaintained>
            <AD_FieldGroup_ID reference="id"/>
            <EntityType>U</EntityType>
            <ObscureType/>
            <AD_Reference_ID reference="id"/>
            <IsMandatory/>
            <DefaultValue/>
            <AD_Reference_Value_ID reference="id"/>
            <AD_Val_Rule_ID reference="id"/>
            <Included_Tab_ID reference="id"/>
            <AD_Field_UU>1b07f1c9-2d54-401f-b540-52d4cf096cb8</AD_Field_UU>
            <IsAllowCopy/>
            <IsDisplayedGrid>Y</IsDisplayedGrid>
            <SeqNoGrid>180</SeqNoGrid>
            <XPosition>4</XPosition>
            <ColumnSpan>1</ColumnSpan>
            <NumLines>1</NumLines>
            <IsQuickEntry>N</IsQuickEntry>
            <IsUpdateable/>
            <IsAlwaysUpdateable/>
            <MandatoryLogic/>
            <ReadOnlyLogic/>
            <IsToolbarButton/>
            <IsDefaultFocus>N</IsDefaultFocus>
            <IsAdvancedField>N</IsAdvancedField>
            <AD_Field_Trl type="translation">
                <Help/>
                <Description>Texto de Sufijo para Periodo</Description>
                <Name>Texto de Sufijo para Periodo</Name>
                <AD_Language>es_EC</AD_Language>
                <IsActive>true</IsActive>
                <IsTranslated>Y</IsTranslated>
            </AD_Field_Trl>
        </AD_Field>
    </AD_Menu>
    <AD_Column type="table">
        <IsSyncDatabase>Y</IsSyncDatabase>
        <AD_Table_ID reference="id">544</AD_Table_ID>
        <AD_Reference_Value_ID reference="id"/>
        <AD_Client_ID>0</AD_Client_ID>
        <AD_Org_ID>0</AD_Org_ID>
        <Version>0</Version>
        <Name>smj_HierarchyLevel</Name>
        <Description>Tab Level</Description>
        <Help/>
        <AD_Val_Rule_ID reference="id"/>
        <ColumnName>smj_HierarchyLevel</ColumnName>
        <DefaultValue/>
        <FieldLength>1</FieldLength>
        <IsKey>N</IsKey>
        <IsParent>N</IsParent>
        <IsMandatory>N</IsMandatory>
        <IsTranslated>N</IsTranslated>
        <IsIdentifier>N</IsIdentifier>
        <SeqNo>0</SeqNo>
        <IsEncrypted>N</IsEncrypted>
        <AD_Reference_ID reference="id">11</AD_Reference_ID>
        <IsActive>true</IsActive>
        <VFormat/>
        <Callout/>
        <AD_Element_ID reference="uuid" reference-key="AD_Element">00dd41a6-9cb0-4231-9a98-cc6aa218a191</AD_Element_ID>
        <IsUpdateable>true</IsUpdateable>
        <AD_Process_ID reference="id"/>
        <ValueMin/>
        <ValueMax/>
        <IsSelectionColumn>N</IsSelectionColumn>
        <ReadOnlyLogic/>
        <EntityType>U</EntityType>
        <IsAlwaysUpdateable>N</IsAlwaysUpdateable>
        <ColumnSQL/>
        <MandatoryLogic/>
        <IsAutocomplete>N</IsAutocomplete>
        <IsAllowLogging>Y</IsAllowLogging>
        <FormatPattern/>
        <AD_Chart_ID reference="id"/>
        <AD_Column_UU>cb16ab62-a50c-4e35-9f7c-3288540d4142</AD_Column_UU>
        <IsAllowCopy>Y</IsAllowCopy>
        <SeqNoSelection>0</SeqNoSelection>
        <IsToolbarButton>N</IsToolbarButton>
        <IsSecure>N</IsSecure>
        <FKConstraintName/>
        <FKConstraintType>N</FKConstraintType>
    </AD_Column>
    <AD_Column type="table">
        <IsSyncDatabase>Y</IsSyncDatabase>
        <AD_Table_ID reference="id">544</AD_Table_ID>
        <AD_Reference_Value_ID reference="id"/>
        <AD_Client_ID>0</AD_Client_ID>
        <AD_Org_ID>0</AD_Org_ID>
        <Version>0</Version>
        <Name>Report Line</Name>
        <Description/>
        <Help/>
        <AD_Val_Rule_ID reference="id"/>
        <ColumnName>smj_ReportLine</ColumnName>
        <DefaultValue/>
        <FieldLength>2</FieldLength>
        <IsKey>N</IsKey>
        <IsParent>N</IsParent>
        <IsMandatory>N</IsMandatory>
        <IsTranslated>N</IsTranslated>
        <IsIdentifier>N</IsIdentifier>
        <SeqNo>0</SeqNo>
        <IsEncrypted>N</IsEncrypted>
        <AD_Reference_ID reference="id">10</AD_Reference_ID>
        <IsActive>true</IsActive>
        <VFormat/>
        <Callout/>
        <AD_Element_ID reference="uuid" reference-key="AD_Element">157ba98f-edd5-472a-ae7c-2a3c8195a509</AD_Element_ID>
        <IsUpdateable>true</IsUpdateable>
        <AD_Process_ID reference="id"/>
        <ValueMin/>
        <ValueMax/>
        <IsSelectionColumn>N</IsSelectionColumn>
        <ReadOnlyLogic/>
        <EntityType>U</EntityType>
        <IsAlwaysUpdateable>N</IsAlwaysUpdateable>
        <ColumnSQL/>
        <MandatoryLogic/>
        <IsAutocomplete>N</IsAutocomplete>
        <IsAllowLogging>Y</IsAllowLogging>
        <FormatPattern/>
        <AD_Chart_ID reference="id"/>
        <AD_Column_UU>577ea426-d488-4afb-8895-2e9def6db03f</AD_Column_UU>
        <IsAllowCopy>Y</IsAllowCopy>
        <SeqNoSelection>0</SeqNoSelection>
        <IsToolbarButton>N</IsToolbarButton>
        <IsSecure>N</IsSecure>
        <FKConstraintName/>
        <FKConstraintType>N</FKConstraintType>
    </AD_Column>
    <AD_Column type="table">
        <IsSyncDatabase>Y</IsSyncDatabase>
        <AD_Table_ID reference="id">544</AD_Table_ID>
        <AD_Reference_Value_ID reference="id"/>
        <AD_Client_ID>0</AD_Client_ID>
        <AD_Org_ID>0</AD_Org_ID>
        <Version>0</Version>
        <Name>Fixed Percentage</Name>
        <Description/>
        <Help/>
        <AD_Val_Rule_ID reference="id"/>
        <ColumnName>smj_FixedPercentage</ColumnName>
        <DefaultValue>0</DefaultValue>
        <FieldLength>2</FieldLength>
        <IsKey>N</IsKey>
        <IsParent>N</IsParent>
        <IsMandatory>N</IsMandatory>
        <IsTranslated>N</IsTranslated>
        <IsIdentifier>N</IsIdentifier>
        <SeqNo>0</SeqNo>
        <IsEncrypted>N</IsEncrypted>
        <AD_Reference_ID reference="id">11</AD_Reference_ID>
        <IsActive>true</IsActive>
        <VFormat/>
        <Callout/>
        <AD_Element_ID reference="uuid" reference-key="AD_Element">233ba2d6-0326-4783-b007-cdbb69225095</AD_Element_ID>
        <IsUpdateable>true</IsUpdateable>
        <AD_Process_ID reference="id"/>
        <ValueMin/>
        <ValueMax/>
        <IsSelectionColumn>N</IsSelectionColumn>
        <ReadOnlyLogic/>
        <EntityType>U</EntityType>
        <IsAlwaysUpdateable>N</IsAlwaysUpdateable>
        <ColumnSQL/>
        <MandatoryLogic/>
        <IsAutocomplete>N</IsAutocomplete>
        <IsAllowLogging>Y</IsAllowLogging>
        <FormatPattern/>
        <AD_Chart_ID reference="id"/>
        <AD_Column_UU>ec410776-0de5-42e0-964d-0f4a97f272c7</AD_Column_UU>
        <IsAllowCopy>Y</IsAllowCopy>
        <SeqNoSelection>0</SeqNoSelection>
        <IsToolbarButton>N</IsToolbarButton>
        <IsSecure>N</IsSecure>
        <FKConstraintName/>
        <FKConstraintType>N</FKConstraintType>
    </AD_Column>
    <AD_Process type="table">
        <AD_Process_ID>202</AD_Process_ID>
        <AD_Client_ID>0</AD_Client_ID>
        <AD_Org_ID>0</AD_Org_ID>
        <AD_Process_ID>202</AD_Process_ID>
        <IsReport>N</IsReport>
        <IsActive>true</IsActive>
        <Help>The default period is the current period. You can optionally enter other restrictions.  You can select an alternative Reporting Hierarchy.
org.compiere.report.FinReport
com.smj.process.SmjReport</Help>
        <Classname>com.smj.process.SmjReport</Classname>
        <AD_Process_UU>57de832c-ae1a-455f-ae4c-6272ab33f402</AD_Process_UU>
    </AD_Process>
</idempiere>
