<?xml version="1.0" encoding="UTF-8"?><?xml-stylesheet type="text/css" href="idempiereDocument.css"?><idempiereDocument>
    <header>ReporteFinanciero Package Description</header>
    <H1>Package Name:</H1>
    <packagename>ReporteFinanciero</packagename>
    <H1>Author:</H1>
    <Name:/>
    <H1>Email Address:</H1>
    <Email>freddyheredia4@gmail.com</Email>
    <H1>Created:</H1>
    <Date>2015-04-26 17:45:05.354</Date>
    <H1>Updated:</H1>
    <Date>2015-04-26 17:56:10.597</Date>
    <H1>Description:</H1>
    <description>na</description>
    <H1>Instructions:</H1>
    <instructions>na</instructions>
    <H1>Files in Package:</H1>
    <file>File: PackOut.xml</file>
    <filedirectory>Directory: \dict\</filedirectory>
    <filenotes>Notes: Contains all application/object settings for package</filenotes>
    <H1>Client:</H1>
    <Client>0-SYSTEM-System</Client>
</idempiereDocument>
